{
    "1": {
        "elements": [
            0
        ],
        "length": 42426.40687119285,
        "section": 100,
        "angle": 45.0,
        "x1": 0,
        "y1": 0,
        "x2": 30000,
        "y2": 30000,
        "relaxation": [],
        "material": {
            "classe": "Manuel",
            "E": 30000000000,
            "G": 0,
            "J": 0,
            "Iy": 1000,
            "Iz": 1000000
        },
        "internals forces": {
            "0": {
                "Nx": [
                    269.223423684867,
                    269.223423684867
                ],
                "Vy": [
                    0.0,
                    -0.0
                ],
                "Vz": [
                    -22.83758369569188,
                    -22.83758369569188
                ],
                "Mx": [
                    -0.0,
                    0.0
                ],
                "My": [
                    322.71548791158506,
                    -646.2011299167588
                ],
                "Mz": [
                    -0.0,
                    0.0
                ]
            }
        }
    },
    "2": {
        "elements": [
            1
        ],
        "length": 40000.0,
        "section": 100,
        "angle": 0.0,
        "x1": 30000,
        "y1": 30000,
        "x2": 70000,
        "y2": 30000,
        "relaxation": [],
        "material": {
            "classe": "Manuel",
            "E": 30000000000,
            "G": 0,
            "J": 0,
            "Iy": 1000,
            "Iz": 1000000
        },
        "internals forces": {
            "1": {
                "Nx": [
                    206.51831883773139,
                    206.51831883773139
                ],
                "Vy": [
                    0.0,
                    -0.0
                ],
                "Vz": [
                    174.22109824460912,
                    -225.77890175539088
                ],
                "Mx": [
                    -0.0,
                    0.0
                ],
                "My": [
                    -646.201129916759,
                    -1677.3572001323942
                ],
                "Mz": [
                    -0.0,
                    0.0
                ]
            }
        }
    }
}