{
    "1": {
        "elements": [
            0
        ],
        "length": 509.11688245431424,
        "section": 100,
        "angle": {
            "XY": 45.0,
            "XZ": 0.0,
            "YZ": 0.0,
            "local": 90.0
        },
        "x1": 0,
        "y1": 0,
        "z1": 0,
        "x2": 360,
        "y2": 360,
        "z2": 0,
        "relaxation": [],
        "material": {
            "classe": "Manuel",
            "E": 30000000,
            "G": 0,
            "J": 0,
            "Iy": 1000,
            "Iz": 1000
        },
        "internals forces": {
            "0": {
                "Nx": [
                    268.63323225658604,
                    268.63323225658604
                ],
                "Vy": [
                    0.0,
                    -0.0
                ],
                "Vz": [
                    -22.60760456004196,
                    -22.60760456004196
                ],
                "Mx": [
                    -0.0,
                    0.0
                ],
                "My": [
                    3.8152981101195866,
                    -7.694615043248914
                ],
                "Mz": [
                    -0.0,
                    0.0
                ]
            }
        }
    },
    "2": {
        "elements": [
            1
        ],
        "length": 480.0,
        "section": 100,
        "angle": {
            "XY": 0.0,
            "XZ": 0.0,
            "YZ": 0.0,
            "local": 90.0
        },
        "x1": 360,
        "y1": 360,
        "z1": 0,
        "x2": 840,
        "y2": 360,
        "z2": 0,
        "relaxation": [],
        "material": {
            "classe": "Manuel",
            "E": 30000000,
            "G": 0,
            "J": 0,
            "Iy": 1000,
            "Iz": 1000
        },
        "internals forces": {
            "1": {
                "Nx": [
                    205.93837067148232,
                    205.93837067148232
                ],
                "Vy": [
                    0.0,
                    -0.0
                ],
                "Vz": [
                    173.96638968990325,
                    -226.03361030993682
                ],
                "Mx": [
                    -0.0,
                    0.0
                ],
                "My": [
                    -7.694615043248913,
                    -20.19074799205697
                ],
                "Mz": [
                    -0.0,
                    0.0
                ]
            }
        }
    }
}